project,class,method,params,start_line,cc,status,line_cov,instr_cov,branch_cov,line_cov_num,line_cov_den,instr_cov_num,instr_cov_den,branch_cov_num,branch_cov_den,tests,calls,log_path,report_path,tests_path,artifact_report_path,exec_path
Lang,org.apache.commons.lang3.time.DateUtils,modify,"final Calendar val, final int field, final ModifyType modType",1107,32,error(rc=1),,,,,,,,,,,,evosuite/reports/batch_cc_ge2/logs/Lang/org_apache_commons_lang3_time_DateUtils__modify__1107.log,evosuite/cache/project_workspace/Lang_stable_worker_7/jacoco-report/report.xml,evosuite/reports/batch_cc_ge2/artifacts/Lang/org_apache_commons_lang3_time_DateUtils__modify__1107/evosuite-tests,evosuite/reports/batch_cc_ge2/artifacts/Lang/org_apache_commons_lang3_time_DateUtils__modify__1107/jacoco-report/report.xml,evosuite/reports/batch_cc_ge2/artifacts/Lang/org_apache_commons_lang3_time_DateUtils__modify__1107/jacoco.exec
Lang,org.apache.commons.lang3.time.FastDateParser,getStrategy,"final char f, final int width, final Calendar definingCalendar",923,27,error(rc=1),,,,,,,,,,,,evosuite/reports/batch_cc_ge2/logs/Lang/org_apache_commons_lang3_time_FastDateParser__getStrategy__923.log,evosuite/cache/project_workspace/Lang_stable_worker_11/jacoco-report/report.xml,evosuite/reports/batch_cc_ge2/artifacts/Lang/org_apache_commons_lang3_time_FastDateParser__getStrategy__923/evosuite-tests,evosuite/reports/batch_cc_ge2/artifacts/Lang/org_apache_commons_lang3_time_FastDateParser__getStrategy__923/jacoco-report/report.xml,evosuite/reports/batch_cc_ge2/artifacts/Lang/org_apache_commons_lang3_time_FastDateParser__getStrategy__923/jacoco.exec
Lang,org.apache.commons.lang3.JavaVersion,get,final String versionStr,219,31,ok,100.0,100.0,100.0,38,38,111,111,35,35,33,33,evosuite/reports/batch_cc_ge2/logs/Lang/org_apache_commons_lang3_JavaVersion__get__219.log,evosuite/cache/project_workspace/Lang_stable_worker_9/jacoco-report/report.xml,evosuite/reports/batch_cc_ge2/artifacts/Lang/org_apache_commons_lang3_JavaVersion__get__219/evosuite-tests,evosuite/reports/batch_cc_ge2/artifacts/Lang/org_apache_commons_lang3_JavaVersion__get__219/jacoco-report/report.xml,evosuite/reports/batch_cc_ge2/artifacts/Lang/org_apache_commons_lang3_JavaVersion__get__219/jacoco.exec
Lang,org.apache.commons.lang3.ClassUtils,isAssignable,"Class<?> cls, final Class<?> toClass, final boolean autoboxing",1261,31,ok,40.0,26.4,31.6,18,45,57,216,24,76,10,9,evosuite/reports/batch_cc_ge2/logs/Lang/org_apache_commons_lang3_ClassUtils__isAssignable__1261.log,evosuite/cache/project_workspace/Lang_stable_worker_8/jacoco-report/report.xml,evosuite/reports/batch_cc_ge2/artifacts/Lang/org_apache_commons_lang3_ClassUtils__isAssignable__1261/evosuite-tests,evosuite/reports/batch_cc_ge2/artifacts/Lang/org_apache_commons_lang3_ClassUtils__isAssignable__1261/jacoco-report/report.xml,evosuite/reports/batch_cc_ge2/artifacts/Lang/org_apache_commons_lang3_ClassUtils__isAssignable__1261/jacoco.exec
Lang,org.apache.commons.lang3.BooleanUtils,toBooleanObject,final String str,734,56,ok,47.4,63.8,58.2,36,76,220,345,85,146,31,30,evosuite/reports/batch_cc_ge2/logs/Lang/org_apache_commons_lang3_BooleanUtils__toBooleanObject__734.log,evosuite/cache/project_workspace/Lang_stable_worker_1/jacoco-report/report.xml,evosuite/reports/batch_cc_ge2/artifacts/Lang/org_apache_commons_lang3_BooleanUtils__toBooleanObject__734/evosuite-tests,evosuite/reports/batch_cc_ge2/artifacts/Lang/org_apache_commons_lang3_BooleanUtils__toBooleanObject__734/jacoco-report/report.xml,evosuite/reports/batch_cc_ge2/artifacts/Lang/org_apache_commons_lang3_BooleanUtils__toBooleanObject__734/jacoco.exec
Lang,org.apache.commons.lang3.math.NumberUtils,createNumber,final String str,323,64,ok,75.9,81.7,76.4,66,87,366,448,81,106,28,27,evosuite/reports/batch_cc_ge2/logs/Lang/org_apache_commons_lang3_math_NumberUtils__createNumber__323.log,evosuite/cache/project_workspace/Lang_stable_worker_0/jacoco-report/report.xml,evosuite/reports/batch_cc_ge2/artifacts/Lang/org_apache_commons_lang3_math_NumberUtils__createNumber__323/evosuite-tests,evosuite/reports/batch_cc_ge2/artifacts/Lang/org_apache_commons_lang3_math_NumberUtils__createNumber__323/jacoco-report/report.xml,evosuite/reports/batch_cc_ge2/artifacts/Lang/org_apache_commons_lang3_math_NumberUtils__createNumber__323/jacoco.exec
Lang,org.apache.commons.lang3.math.NumberUtils,isCreatable,final String str,555,45,ok,95.2,96.0,87.0,60,63,265,276,80,92,24,23,evosuite/reports/batch_cc_ge2/logs/Lang/org_apache_commons_lang3_math_NumberUtils__isCreatable__555.log,evosuite/cache/project_workspace/Lang_stable_worker_2/jacoco-report/report.xml,evosuite/reports/batch_cc_ge2/artifacts/Lang/org_apache_commons_lang3_math_NumberUtils__isCreatable__555/evosuite-tests,evosuite/reports/batch_cc_ge2/artifacts/Lang/org_apache_commons_lang3_math_NumberUtils__isCreatable__555/jacoco-report/report.xml,evosuite/reports/batch_cc_ge2/artifacts/Lang/org_apache_commons_lang3_math_NumberUtils__isCreatable__555/jacoco.exec
Lang,org.apache.commons.lang3.time.DurationFormatUtils,format,"final Token[] tokens, final long years, final long months, final long days, final long hours, final long minutes,
            final long seconds,
            final long milliseconds, final boolean padWithZeros",241,34,error(rc=1),,,,,,,,,,,,evosuite/reports/batch_cc_ge2/logs/Lang/org_apache_commons_lang3_time_DurationFormatUtils__format__241.log,evosuite/cache/project_workspace/Lang_stable_worker_6/jacoco-report/report.xml,evosuite/reports/batch_cc_ge2/artifacts/Lang/org_apache_commons_lang3_time_DurationFormatUtils__format__241/evosuite-tests,evosuite/reports/batch_cc_ge2/artifacts/Lang/org_apache_commons_lang3_time_DurationFormatUtils__format__241/jacoco-report/report.xml,evosuite/reports/batch_cc_ge2/artifacts/Lang/org_apache_commons_lang3_time_DurationFormatUtils__format__241/jacoco.exec
Lang,org.apache.commons.lang3.RandomStringUtils,random,"int count, int start, int end, final boolean letters, final boolean numbers,
            final char[] chars, final Random random",256,43,ok,98.5,97.2,98.8,67,68,312,321,79,80,19,18,evosuite/reports/batch_cc_ge2/logs/Lang/org_apache_commons_lang3_RandomStringUtils__random__256.log,evosuite/cache/project_workspace/Lang_stable_worker_3/jacoco-report/report.xml,evosuite/reports/batch_cc_ge2/artifacts/Lang/org_apache_commons_lang3_RandomStringUtils__random__256/evosuite-tests,evosuite/reports/batch_cc_ge2/artifacts/Lang/org_apache_commons_lang3_RandomStringUtils__random__256/jacoco-report/report.xml,evosuite/reports/batch_cc_ge2/artifacts/Lang/org_apache_commons_lang3_RandomStringUtils__random__256/jacoco.exec
Lang,org.apache.commons.lang3.ClassUtils,hierarchy,"final Class<?> type, final Interfaces interfacesBehavior",1123,21,ok,80.0,73.3,100.0,4,5,11,15,2,2,3,2,evosuite/reports/batch_cc_ge2/logs/Lang/org_apache_commons_lang3_ClassUtils__hierarchy__1123.log,evosuite/cache/project_workspace/Lang_stable_worker_8/jacoco-report/report.xml,evosuite/reports/batch_cc_ge2/artifacts/Lang/org_apache_commons_lang3_ClassUtils__hierarchy__1123/evosuite-tests,evosuite/reports/batch_cc_ge2/artifacts/Lang/org_apache_commons_lang3_ClassUtils__hierarchy__1123/jacoco-report/report.xml,evosuite/reports/batch_cc_ge2/artifacts/Lang/org_apache_commons_lang3_ClassUtils__hierarchy__1123/jacoco.exec
Lang,org.apache.commons.lang3.Conversion,binaryBeMsb0ToHexDigit,"final boolean[] src, final int srcPos",107,21,ok,100.0,100.0,100.0,21,21,154,154,40,40,20,19,evosuite/reports/batch_cc_ge2/logs/Lang/org_apache_commons_lang3_Conversion__binaryBeMsb0ToHexDigit__107.log,evosuite/cache/project_workspace/Lang_stable_worker_9/jacoco-report/report.xml,evosuite/reports/batch_cc_ge2/artifacts/Lang/org_apache_commons_lang3_Conversion__binaryBeMsb0ToHexDigit__107/evosuite-tests,evosuite/reports/batch_cc_ge2/artifacts/Lang/org_apache_commons_lang3_Conversion__binaryBeMsb0ToHexDigit__107/jacoco-report/report.xml,evosuite/reports/batch_cc_ge2/artifacts/Lang/org_apache_commons_lang3_Conversion__binaryBeMsb0ToHexDigit__107/jacoco.exec
Lang,org.apache.commons.lang3.CharSequenceUtils,lastIndexOf,"final CharSequence cs, final CharSequence searchChar, int start",148,21,error(rc=1),,,,,,,,,,,,evosuite/reports/batch_cc_ge2/logs/Lang/org_apache_commons_lang3_CharSequenceUtils__lastIndexOf__148.log,evosuite/cache/project_workspace/Lang_stable_worker_7/jacoco-report/report.xml,evosuite/reports/batch_cc_ge2/artifacts/Lang/org_apache_commons_lang3_CharSequenceUtils__lastIndexOf__148/evosuite-tests,evosuite/reports/batch_cc_ge2/artifacts/Lang/org_apache_commons_lang3_CharSequenceUtils__lastIndexOf__148/jacoco-report/report.xml,evosuite/reports/batch_cc_ge2/artifacts/Lang/org_apache_commons_lang3_CharSequenceUtils__lastIndexOf__148/jacoco.exec
Lang,org.apache.commons.lang3.StringUtils,replaceEach,"final String text, final String[] searchList, final String[] replacementList, final boolean repeat, final int timeToLive",6401,29,error(rc=1),,,,,,,,,,,,evosuite/reports/batch_cc_ge2/logs/Lang/org_apache_commons_lang3_StringUtils__replaceEach__6401.log,evosuite/cache/project_workspace/Lang_stable_worker_10/jacoco-report/report.xml,evosuite/reports/batch_cc_ge2/artifacts/Lang/org_apache_commons_lang3_StringUtils__replaceEach__6401/evosuite-tests,evosuite/reports/batch_cc_ge2/artifacts/Lang/org_apache_commons_lang3_StringUtils__replaceEach__6401/jacoco-report/report.xml,evosuite/reports/batch_cc_ge2/artifacts/Lang/org_apache_commons_lang3_StringUtils__replaceEach__6401/jacoco.exec
Lang,org.apache.commons.lang3.Conversion,hexDigitMsb0ToInt,final char hexChar,613,23,ok,100.0,100.0,100.0,18,18,48,48,17,17,57,56,evosuite/reports/batch_cc_ge2/logs/Lang/org_apache_commons_lang3_Conversion__hexDigitMsb0ToInt__613.log,evosuite/cache/project_workspace/Lang_stable_worker_1/jacoco-report/report.xml,evosuite/reports/batch_cc_ge2/artifacts/Lang/org_apache_commons_lang3_Conversion__hexDigitMsb0ToInt__613/evosuite-tests,evosuite/reports/batch_cc_ge2/artifacts/Lang/org_apache_commons_lang3_Conversion__hexDigitMsb0ToInt__613/jacoco-report/report.xml,evosuite/reports/batch_cc_ge2/artifacts/Lang/org_apache_commons_lang3_Conversion__hexDigitMsb0ToInt__613/jacoco.exec
Lang,org.apache.commons.lang3.Conversion,hexDigitMsb0ToBinary,final char hexChar,557,23,ok,100.0,100.0,100.0,18,18,80,80,17,17,57,56,evosuite/reports/batch_cc_ge2/logs/Lang/org_apache_commons_lang3_Conversion__hexDigitMsb0ToBinary__557.log,evosuite/cache/project_workspace/Lang_stable_worker_0/jacoco-report/report.xml,evosuite/reports/batch_cc_ge2/artifacts/Lang/org_apache_commons_lang3_Conversion__hexDigitMsb0ToBinary__557/evosuite-tests,evosuite/reports/batch_cc_ge2/artifacts/Lang/org_apache_commons_lang3_Conversion__hexDigitMsb0ToBinary__557/jacoco-report/report.xml,evosuite/reports/batch_cc_ge2/artifacts/Lang/org_apache_commons_lang3_Conversion__hexDigitMsb0ToBinary__557/jacoco.exec
Lang,org.apache.commons.lang3.builder.ToStringStyle,appendInternal,"final StringBuffer buffer, final String fieldName, final Object value, final boolean detail",1449,37,error(rc=1),,,,,,,,,,,,evosuite/reports/batch_cc_ge2/logs/Lang/org_apache_commons_lang3_builder_ToStringStyle__appendInternal__1449.log,evosuite/cache/project_workspace/Lang_stable_worker_5/jacoco-report/report.xml,evosuite/reports/batch_cc_ge2/artifacts/Lang/org_apache_commons_lang3_builder_ToStringStyle__appendInternal__1449/evosuite-tests,evosuite/reports/batch_cc_ge2/artifacts/Lang/org_apache_commons_lang3_builder_ToStringStyle__appendInternal__1449/jacoco-report/report.xml,evosuite/reports/batch_cc_ge2/artifacts/Lang/org_apache_commons_lang3_builder_ToStringStyle__appendInternal__1449/jacoco.exec
Lang,org.apache.commons.lang3.builder.EqualsBuilder,reflectionAppend,"final Object lhs, final Object rhs",923,19,error(rc=1),,,,,,,,,,,,evosuite/reports/batch_cc_ge2/logs/Lang/org_apache_commons_lang3_builder_EqualsBuilder__reflectionAppend__923.log,evosuite/cache/project_workspace/Lang_stable_worker_11/jacoco-report/report.xml,evosuite/reports/batch_cc_ge2/artifacts/Lang/org_apache_commons_lang3_builder_EqualsBuilder__reflectionAppend__923/evosuite-tests,evosuite/reports/batch_cc_ge2/artifacts/Lang/org_apache_commons_lang3_builder_EqualsBuilder__reflectionAppend__923/jacoco-report/report.xml,evosuite/reports/batch_cc_ge2/artifacts/Lang/org_apache_commons_lang3_builder_EqualsBuilder__reflectionAppend__923/jacoco.exec
Lang,org.apache.commons.lang3.Conversion,hexDigitToBinary,final char hexChar,669,23,ok,100.0,100.0,100.0,18,18,80,80,17,17,57,56,evosuite/reports/batch_cc_ge2/logs/Lang/org_apache_commons_lang3_Conversion__hexDigitToBinary__669.log,evosuite/cache/project_workspace/Lang_stable_worker_2/jacoco-report/report.xml,evosuite/reports/batch_cc_ge2/artifacts/Lang/org_apache_commons_lang3_Conversion__hexDigitToBinary__669/evosuite-tests,evosuite/reports/batch_cc_ge2/artifacts/Lang/org_apache_commons_lang3_Conversion__hexDigitToBinary__669/jacoco-report/report.xml,evosuite/reports/batch_cc_ge2/artifacts/Lang/org_apache_commons_lang3_Conversion__hexDigitToBinary__669/jacoco.exec
Lang,org.apache.commons.lang3.time.FastDatePrinter,parsePattern,,1330,40,error(rc=1),,,,,,,,,,,,evosuite/reports/batch_cc_ge2/logs/Lang/org_apache_commons_lang3_time_FastDatePrinter__parsePattern__1330.log,evosuite/cache/project_workspace/Lang_stable_worker_4/jacoco-report/report.xml,evosuite/reports/batch_cc_ge2/artifacts/Lang/org_apache_commons_lang3_time_FastDatePrinter__parsePattern__1330/evosuite-tests,evosuite/reports/batch_cc_ge2/artifacts/Lang/org_apache_commons_lang3_time_FastDatePrinter__parsePattern__1330/jacoco-report/report.xml,evosuite/reports/batch_cc_ge2/artifacts/Lang/org_apache_commons_lang3_time_FastDatePrinter__parsePattern__1330/jacoco.exec
Lang,org.apache.commons.lang3.time.DateUtils,iterator,"final Calendar calendar, final int rangeStyle",971,18,error(rc=1),,,,,,,,,,,,evosuite/reports/batch_cc_ge2/logs/Lang/org_apache_commons_lang3_time_DateUtils__iterator__971.log,evosuite/cache/project_workspace/Lang_stable_worker_8/jacoco-report/report.xml,evosuite/reports/batch_cc_ge2/artifacts/Lang/org_apache_commons_lang3_time_DateUtils__iterator__971/evosuite-tests,evosuite/reports/batch_cc_ge2/artifacts/Lang/org_apache_commons_lang3_time_DateUtils__iterator__971/jacoco-report/report.xml,evosuite/reports/batch_cc_ge2/artifacts/Lang/org_apache_commons_lang3_time_DateUtils__iterator__971/jacoco.exec
Lang,org.apache.commons.lang3.text.StrSubstitutor,substitute,"final StrBuilder buf, final int offset, final int length, List<String> priorVariables",1104,22,error(rc=1),,,,,,,,,,,,evosuite/reports/batch_cc_ge2/logs/Lang/org_apache_commons_lang3_text_StrSubstitutor__substitute__1104.log,evosuite/cache/project_workspace/Lang_stable_worker_6/jacoco-report/report.xml,evosuite/reports/batch_cc_ge2/artifacts/Lang/org_apache_commons_lang3_text_StrSubstitutor__substitute__1104/evosuite-tests,evosuite/reports/batch_cc_ge2/artifacts/Lang/org_apache_commons_lang3_text_StrSubstitutor__substitute__1104/jacoco-report/report.xml,evosuite/reports/batch_cc_ge2/artifacts/Lang/org_apache_commons_lang3_text_StrSubstitutor__substitute__1104/jacoco.exec
Lang,org.apache.commons.lang3.ObjectUtils,isEmpty,final Object object,959,15,error(rc=1),,,,,,,,,,,,evosuite/reports/batch_cc_ge2/logs/Lang/org_apache_commons_lang3_ObjectUtils__isEmpty__959.log,evosuite/cache/project_workspace/Lang_stable_worker_11/jacoco-report/report.xml,evosuite/reports/batch_cc_ge2/artifacts/Lang/org_apache_commons_lang3_ObjectUtils__isEmpty__959/evosuite-tests,evosuite/reports/batch_cc_ge2/artifacts/Lang/org_apache_commons_lang3_ObjectUtils__isEmpty__959/jacoco-report/report.xml,evosuite/reports/batch_cc_ge2/artifacts/Lang/org_apache_commons_lang3_ObjectUtils__isEmpty__959/jacoco.exec
Lang,org.apache.commons.lang3.Conversion,intToHexDigitMsb0,final int nibble,1005,17,ok,100.0,100.0,100.0,18,18,46,46,17,17,18,17,evosuite/reports/batch_cc_ge2/logs/Lang/org_apache_commons_lang3_Conversion__intToHexDigitMsb0__1005.log,evosuite/cache/project_workspace/Lang_stable_worker_9/jacoco-report/report.xml,evosuite/reports/batch_cc_ge2/artifacts/Lang/org_apache_commons_lang3_Conversion__intToHexDigitMsb0__1005/evosuite-tests,evosuite/reports/batch_cc_ge2/artifacts/Lang/org_apache_commons_lang3_Conversion__intToHexDigitMsb0__1005/jacoco-report/report.xml,evosuite/reports/batch_cc_ge2/artifacts/Lang/org_apache_commons_lang3_Conversion__intToHexDigitMsb0__1005/jacoco.exec
Lang,org.apache.commons.lang3.Conversion,binaryToHexDigit,"final boolean[] src, final int srcPos",201,20,ok,100.0,100.0,100.0,18,18,136,136,38,38,21,20,evosuite/reports/batch_cc_ge2/logs/Lang/org_apache_commons_lang3_Conversion__binaryToHexDigit__201.log,evosuite/cache/project_workspace/Lang_stable_worker_10/jacoco-report/report.xml,evosuite/reports/batch_cc_ge2/artifacts/Lang/org_apache_commons_lang3_Conversion__binaryToHexDigit__201/evosuite-tests,evosuite/reports/batch_cc_ge2/artifacts/Lang/org_apache_commons_lang3_Conversion__binaryToHexDigit__201/jacoco-report/report.xml,evosuite/reports/batch_cc_ge2/artifacts/Lang/org_apache_commons_lang3_Conversion__binaryToHexDigit__201/jacoco.exec
Lang,org.apache.commons.lang3.reflect.TypeUtils,getRawType,"final Type type, final Type assigningType",711,19,ok,25.9,27.1,27.3,7,27,29,107,6,22,3,2,evosuite/reports/batch_cc_ge2/logs/Lang/org_apache_commons_lang3_reflect_TypeUtils__getRawType__711.log,evosuite/cache/project_workspace/Lang_stable_worker_0/jacoco-report/report.xml,evosuite/reports/batch_cc_ge2/artifacts/Lang/org_apache_commons_lang3_reflect_TypeUtils__getRawType__711/evosuite-tests,evosuite/reports/batch_cc_ge2/artifacts/Lang/org_apache_commons_lang3_reflect_TypeUtils__getRawType__711/jacoco-report/report.xml,evosuite/reports/batch_cc_ge2/artifacts/Lang/org_apache_commons_lang3_reflect_TypeUtils__getRawType__711/jacoco.exec
Lang,org.apache.commons.lang3.text.translate.NumericEntityUnescaper,translate,"final CharSequence input, final int index, final Writer out",107,18,error(rc=1),,,,,,,,,,,,evosuite/reports/batch_cc_ge2/logs/Lang/org_apache_commons_lang3_text_translate_NumericEntityUnescaper__translate__107.log,evosuite/cache/project_workspace/Lang_stable_worker_7/jacoco-report/report.xml,evosuite/reports/batch_cc_ge2/artifacts/Lang/org_apache_commons_lang3_text_translate_NumericEntityUnescaper__translate__107/evosuite-tests,evosuite/reports/batch_cc_ge2/artifacts/Lang/org_apache_commons_lang3_text_translate_NumericEntityUnescaper__translate__107/jacoco-report/report.xml,evosuite/reports/batch_cc_ge2/artifacts/Lang/org_apache_commons_lang3_text_translate_NumericEntityUnescaper__translate__107/jacoco.exec
Lang,org.apache.commons.lang3.time.DurationFormatUtils,lexx,final String format,680,23,ok,100.0,100.0,100.0,59,59,200,200,35,35,10,8,evosuite/reports/batch_cc_ge2/logs/Lang/org_apache_commons_lang3_time_DurationFormatUtils__lexx__680.log,evosuite/cache/project_workspace/Lang_stable_worker_5/jacoco-report/report.xml,evosuite/reports/batch_cc_ge2/artifacts/Lang/org_apache_commons_lang3_time_DurationFormatUtils__lexx__680/evosuite-tests,evosuite/reports/batch_cc_ge2/artifacts/Lang/org_apache_commons_lang3_time_DurationFormatUtils__lexx__680/jacoco-report/report.xml,evosuite/reports/batch_cc_ge2/artifacts/Lang/org_apache_commons_lang3_time_DurationFormatUtils__lexx__680/jacoco.exec
Lang,org.apache.commons.lang3.reflect.TypeUtils,isAssignable,"final Type type, final GenericArrayType toGenericArrayType, final Map<TypeVariable<?>, Type> typeVarAssigns",990,19,error(rc=1),,,,,,,,,,,,evosuite/reports/batch_cc_ge2/logs/Lang/org_apache_commons_lang3_reflect_TypeUtils__isAssignable__990.log,evosuite/cache/project_workspace/Lang_stable_worker_1/jacoco-report/report.xml,evosuite/reports/batch_cc_ge2/artifacts/Lang/org_apache_commons_lang3_reflect_TypeUtils__isAssignable__990/evosuite-tests,evosuite/reports/batch_cc_ge2/artifacts/Lang/org_apache_commons_lang3_reflect_TypeUtils__isAssignable__990/jacoco-report/report.xml,evosuite/reports/batch_cc_ge2/artifacts/Lang/org_apache_commons_lang3_reflect_TypeUtils__isAssignable__990/jacoco.exec
Lang,org.apache.commons.lang3.reflect.TypeUtils,isAssignable,"final Type type, final ParameterizedType toParameterizedType, final Map<TypeVariable<?>, Type> typeVarAssigns",1049,19,error(rc=1),,,,,,,,,,,,evosuite/reports/batch_cc_ge2/logs/Lang/org_apache_commons_lang3_reflect_TypeUtils__isAssignable__1049.log,evosuite/cache/project_workspace/Lang_stable_worker_2/jacoco-report/report.xml,evosuite/reports/batch_cc_ge2/artifacts/Lang/org_apache_commons_lang3_reflect_TypeUtils__isAssignable__1049/evosuite-tests,evosuite/reports/batch_cc_ge2/artifacts/Lang/org_apache_commons_lang3_reflect_TypeUtils__isAssignable__1049/jacoco-report/report.xml,evosuite/reports/batch_cc_ge2/artifacts/Lang/org_apache_commons_lang3_reflect_TypeUtils__isAssignable__1049/jacoco.exec
Lang,org.apache.commons.lang3.text.WordUtils,wrap,"final String str, int wrapLength, String newLineStr, final boolean wrapLongWords, String wrapOn",630,14,ok,100.0,100.0,100.0,47,47,192,192,26,26,8,7,evosuite/reports/batch_cc_ge2/logs/Lang/org_apache_commons_lang3_text_WordUtils__wrap__630.log,evosuite/cache/project_workspace/Lang_stable_worker_11/jacoco-report/report.xml,evosuite/reports/batch_cc_ge2/artifacts/Lang/org_apache_commons_lang3_text_WordUtils__wrap__630/evosuite-tests,evosuite/reports/batch_cc_ge2/artifacts/Lang/org_apache_commons_lang3_text_WordUtils__wrap__630/jacoco-report/report.xml,evosuite/reports/batch_cc_ge2/artifacts/Lang/org_apache_commons_lang3_text_WordUtils__wrap__630/jacoco.exec
Lang,org.apache.commons.lang3.reflect.MethodUtils,getMatchingAccessibleMethod,"final Class<?> cls, final String methodName, final Class<?>... requestTypes",319,14,ok,91.3,90.0,68.2,21,23,99,110,15,22,6,5,evosuite/reports/batch_cc_ge2/logs/Lang/org_apache_commons_lang3_reflect_MethodUtils__getMatchingAccessibleMethod__319.log,evosuite/cache/project_workspace/Lang_stable_worker_9/jacoco-report/report.xml,evosuite/reports/batch_cc_ge2/artifacts/Lang/org_apache_commons_lang3_reflect_MethodUtils__getMatchingAccessibleMethod__319/evosuite-tests,evosuite/reports/batch_cc_ge2/artifacts/Lang/org_apache_commons_lang3_reflect_MethodUtils__getMatchingAccessibleMethod__319/jacoco-report/report.xml,evosuite/reports/batch_cc_ge2/artifacts/Lang/org_apache_commons_lang3_reflect_MethodUtils__getMatchingAccessibleMethod__319/jacoco.exec
Lang,org.apache.commons.lang3.time.DurationFormatUtils,formatPeriod,"final long startMillis, final long endMillis, final String format, final boolean padWithZeros,
            final TimeZone timezone",530,23,ok,91.7,92.0,89.1,66,72,289,314,41,46,11,9,evosuite/reports/batch_cc_ge2/logs/Lang/org_apache_commons_lang3_time_DurationFormatUtils__formatPeriod__530.log,evosuite/cache/project_workspace/Lang_stable_worker_4/jacoco-report/report.xml,evosuite/reports/batch_cc_ge2/artifacts/Lang/org_apache_commons_lang3_time_DurationFormatUtils__formatPeriod__530/evosuite-tests,evosuite/reports/batch_cc_ge2/artifacts/Lang/org_apache_commons_lang3_time_DurationFormatUtils__formatPeriod__530/jacoco-report/report.xml,evosuite/reports/batch_cc_ge2/artifacts/Lang/org_apache_commons_lang3_time_DurationFormatUtils__formatPeriod__530/jacoco.exec
Lang,org.apache.commons.lang3.builder.DiffBuilder,append,"final String fieldName, final Object lhs, final Object rhs",513,14,error(rc=1),,,,,,,,,,,,evosuite/reports/batch_cc_ge2/logs/Lang/org_apache_commons_lang3_builder_DiffBuilder__append__513.log,evosuite/cache/project_workspace/Lang_stable_worker_7/jacoco-report/report.xml,evosuite/reports/batch_cc_ge2/artifacts/Lang/org_apache_commons_lang3_builder_DiffBuilder__append__513/evosuite-tests,evosuite/reports/batch_cc_ge2/artifacts/Lang/org_apache_commons_lang3_builder_DiffBuilder__append__513/jacoco-report/report.xml,evosuite/reports/batch_cc_ge2/artifacts/Lang/org_apache_commons_lang3_builder_DiffBuilder__append__513/jacoco.exec
Lang,org.apache.commons.lang3.StringUtils,splitWorker,"final String str, final String separatorChars, final int max, final boolean preserveAllTokens",7606,23,error(rc=1),,,,,,,,,,,,evosuite/reports/batch_cc_ge2/logs/Lang/org_apache_commons_lang3_StringUtils__splitWorker__7606.log,evosuite/cache/project_workspace/Lang_stable_worker_3/jacoco-report/report.xml,evosuite/reports/batch_cc_ge2/artifacts/Lang/org_apache_commons_lang3_StringUtils__splitWorker__7606/evosuite-tests,evosuite/reports/batch_cc_ge2/artifacts/Lang/org_apache_commons_lang3_StringUtils__splitWorker__7606/jacoco-report/report.xml,evosuite/reports/batch_cc_ge2/artifacts/Lang/org_apache_commons_lang3_StringUtils__splitWorker__7606/jacoco.exec
Lang,org.apache.commons.lang3.StringUtils,abbreviate,"final String str, final String abbrevMarker, int offset, final int maxWidth",353,12,ok,92.3,93.1,100.0,24,26,162,174,22,22,11,10,evosuite/reports/batch_cc_ge2/logs/Lang/org_apache_commons_lang3_StringUtils__abbreviate__353.log,evosuite/cache/project_workspace/Lang_stable_worker_9/jacoco-report/report.xml,evosuite/reports/batch_cc_ge2/artifacts/Lang/org_apache_commons_lang3_StringUtils__abbreviate__353/evosuite-tests,evosuite/reports/batch_cc_ge2/artifacts/Lang/org_apache_commons_lang3_StringUtils__abbreviate__353/jacoco-report/report.xml,evosuite/reports/batch_cc_ge2/artifacts/Lang/org_apache_commons_lang3_StringUtils__abbreviate__353/jacoco.exec
Lang,org.apache.commons.lang3.reflect.TypeUtils,getTypeArguments,"final Type type, final Class<?> toClass, final Map<TypeVariable<?>, Type> subtypeVarAssigns",884,15,error(rc=1),,,,,,,,,,,,evosuite/reports/batch_cc_ge2/logs/Lang/org_apache_commons_lang3_reflect_TypeUtils__getTypeArguments__884.log,evosuite/cache/project_workspace/Lang_stable_worker_0/jacoco-report/report.xml,evosuite/reports/batch_cc_ge2/artifacts/Lang/org_apache_commons_lang3_reflect_TypeUtils__getTypeArguments__884/evosuite-tests,evosuite/reports/batch_cc_ge2/artifacts/Lang/org_apache_commons_lang3_reflect_TypeUtils__getTypeArguments__884/jacoco-report/report.xml,evosuite/reports/batch_cc_ge2/artifacts/Lang/org_apache_commons_lang3_reflect_TypeUtils__getTypeArguments__884/jacoco.exec
Lang,org.apache.commons.lang3.reflect.MemberUtils,getTotalTransformationCost,"final Class<?>[] srcArgs, final Executable executable",199,14,error(rc=1),,,,,,,,,,,,evosuite/reports/batch_cc_ge2/logs/Lang/org_apache_commons_lang3_reflect_MemberUtils__getTotalTransformationCost__199.log,evosuite/cache/project_workspace/Lang_stable_worker_8/jacoco-report/report.xml,evosuite/reports/batch_cc_ge2/artifacts/Lang/org_apache_commons_lang3_reflect_MemberUtils__getTotalTransformationCost__199/evosuite-tests,evosuite/reports/batch_cc_ge2/artifacts/Lang/org_apache_commons_lang3_reflect_MemberUtils__getTotalTransformationCost__199/jacoco-report/report.xml,evosuite/reports/batch_cc_ge2/artifacts/Lang/org_apache_commons_lang3_reflect_MemberUtils__getTotalTransformationCost__199/jacoco.exec
Lang,org.apache.commons.lang3.reflect.TypeUtils,containsTypeVariables,final Type type,373,12,ok,60.0,53.2,50.0,9,15,41,77,10,20,3,2,evosuite/reports/batch_cc_ge2/logs/Lang/org_apache_commons_lang3_reflect_TypeUtils__containsTypeVariables__373.log,evosuite/cache/project_workspace/Lang_stable_worker_11/jacoco-report/report.xml,evosuite/reports/batch_cc_ge2/artifacts/Lang/org_apache_commons_lang3_reflect_TypeUtils__containsTypeVariables__373/evosuite-tests,evosuite/reports/batch_cc_ge2/artifacts/Lang/org_apache_commons_lang3_reflect_TypeUtils__containsTypeVariables__373/jacoco-report/report.xml,evosuite/reports/batch_cc_ge2/artifacts/Lang/org_apache_commons_lang3_reflect_TypeUtils__containsTypeVariables__373/jacoco.exec
Lang,org.apache.commons.lang3.reflect.TypeUtils,isAssignable,"final Type type, final Class<?> toClass",935,18,error(rc=1),,,,,,,,,,,,evosuite/reports/batch_cc_ge2/logs/Lang/org_apache_commons_lang3_reflect_TypeUtils__isAssignable__935.log,evosuite/cache/project_workspace/Lang_stable_worker_6/jacoco-report/report.xml,evosuite/reports/batch_cc_ge2/artifacts/Lang/org_apache_commons_lang3_reflect_TypeUtils__isAssignable__935/evosuite-tests,evosuite/reports/batch_cc_ge2/artifacts/Lang/org_apache_commons_lang3_reflect_TypeUtils__isAssignable__935/jacoco-report/report.xml,evosuite/reports/batch_cc_ge2/artifacts/Lang/org_apache_commons_lang3_reflect_TypeUtils__isAssignable__935/jacoco.exec
Lang,org.apache.commons.lang3.reflect.TypeUtils,isAssignable,"final Type type, final WildcardType toWildcardType, final Map<TypeVariable<?>, Type> typeVarAssigns",1186,15,error(rc=1),,,,,,,,,,,,evosuite/reports/batch_cc_ge2/logs/Lang/org_apache_commons_lang3_reflect_TypeUtils__isAssignable__1186.log,evosuite/cache/project_workspace/Lang_stable_worker_1/jacoco-report/report.xml,evosuite/reports/batch_cc_ge2/artifacts/Lang/org_apache_commons_lang3_reflect_TypeUtils__isAssignable__1186/evosuite-tests,evosuite/reports/batch_cc_ge2/artifacts/Lang/org_apache_commons_lang3_reflect_TypeUtils__isAssignable__1186/jacoco-report/report.xml,evosuite/reports/batch_cc_ge2/artifacts/Lang/org_apache_commons_lang3_reflect_TypeUtils__isAssignable__1186/jacoco.exec
Lang,org.apache.commons.lang3.time.FastDateParser,simpleQuote,"final StringBuilder sb, final String value",762,15,error(rc=1),,,,,,,,,,,,evosuite/reports/batch_cc_ge2/logs/Lang/org_apache_commons_lang3_time_FastDateParser__simpleQuote__762.log,evosuite/cache/project_workspace/Lang_stable_worker_2/jacoco-report/report.xml,evosuite/reports/batch_cc_ge2/artifacts/Lang/org_apache_commons_lang3_time_FastDateParser__simpleQuote__762/evosuite-tests,evosuite/reports/batch_cc_ge2/artifacts/Lang/org_apache_commons_lang3_time_FastDateParser__simpleQuote__762/jacoco-report/report.xml,evosuite/reports/batch_cc_ge2/artifacts/Lang/org_apache_commons_lang3_time_FastDateParser__simpleQuote__762/jacoco.exec
Lang,org.apache.commons.lang3.StringUtils,getLevenshteinDistance,"CharSequence s, CharSequence t, final int threshold",2381,18,ok,50.7,56.7,57.7,36,71,187,330,30,52,11,10,evosuite/reports/batch_cc_ge2/logs/Lang/org_apache_commons_lang3_StringUtils__getLevenshteinDistance__2381.log,evosuite/cache/project_workspace/Lang_stable_worker_4/jacoco-report/report.xml,evosuite/reports/batch_cc_ge2/artifacts/Lang/org_apache_commons_lang3_StringUtils__getLevenshteinDistance__2381/evosuite-tests,evosuite/reports/batch_cc_ge2/artifacts/Lang/org_apache_commons_lang3_StringUtils__getLevenshteinDistance__2381/jacoco-report/report.xml,evosuite/reports/batch_cc_ge2/artifacts/Lang/org_apache_commons_lang3_StringUtils__getLevenshteinDistance__2381/jacoco.exec
Lang,org.apache.commons.lang3.Conversion,binaryToHexDigitMsb0_4bits,"final boolean[] src, final int srcPos",258,18,ok,100.0,100.0,100.0,20,20,150,150,34,34,21,20,evosuite/reports/batch_cc_ge2/logs/Lang/org_apache_commons_lang3_Conversion__binaryToHexDigitMsb0_4bits__258.log,evosuite/cache/project_workspace/Lang_stable_worker_3/jacoco-report/report.xml,evosuite/reports/batch_cc_ge2/artifacts/Lang/org_apache_commons_lang3_Conversion__binaryToHexDigitMsb0_4bits__258/evosuite-tests,evosuite/reports/batch_cc_ge2/artifacts/Lang/org_apache_commons_lang3_Conversion__binaryToHexDigitMsb0_4bits__258/jacoco-report/report.xml,evosuite/reports/batch_cc_ge2/artifacts/Lang/org_apache_commons_lang3_Conversion__binaryToHexDigitMsb0_4bits__258/jacoco.exec
Lang,org.apache.commons.lang3.StringUtils,convertRemainingAccentCharacters,final StringBuilder decomposed,1369,17,error(rc=1),,,,,,,,,,,,evosuite/reports/batch_cc_ge2/logs/Lang/org_apache_commons_lang3_StringUtils__convertRemainingAccentCharacters__1369.log,evosuite/cache/project_workspace/Lang_stable_worker_10/jacoco-report/report.xml,evosuite/reports/batch_cc_ge2/artifacts/Lang/org_apache_commons_lang3_StringUtils__convertRemainingAccentCharacters__1369/evosuite-tests,evosuite/reports/batch_cc_ge2/artifacts/Lang/org_apache_commons_lang3_StringUtils__convertRemainingAccentCharacters__1369/jacoco-report/report.xml,evosuite/reports/batch_cc_ge2/artifacts/Lang/org_apache_commons_lang3_StringUtils__convertRemainingAccentCharacters__1369/jacoco.exec
Lang,org.apache.commons.lang3.reflect.MethodUtils,getOverrideHierarchy,"final Method method, final Interfaces interfacesBehavior",501,11,ok,0.0,0.0,0.0,0,24,0,91,0,10,2,1,evosuite/reports/batch_cc_ge2/logs/Lang/org_apache_commons_lang3_reflect_MethodUtils__getOverrideHierarchy__501.log,evosuite/cache/project_workspace/Lang_stable_worker_9/jacoco-report/report.xml,evosuite/reports/batch_cc_ge2/artifacts/Lang/org_apache_commons_lang3_reflect_MethodUtils__getOverrideHierarchy__501/evosuite-tests,evosuite/reports/batch_cc_ge2/artifacts/Lang/org_apache_commons_lang3_reflect_MethodUtils__getOverrideHierarchy__501/jacoco-report/report.xml,evosuite/reports/batch_cc_ge2/artifacts/Lang/org_apache_commons_lang3_reflect_MethodUtils__getOverrideHierarchy__501/jacoco.exec
Lang,org.apache.commons.lang3.math.Fraction,greatestCommonDivisor,"int u, int v",348,18,error(rc=1),,,,,,,,,,,,evosuite/reports/batch_cc_ge2/logs/Lang/org_apache_commons_lang3_math_Fraction__greatestCommonDivisor__348.log,evosuite/cache/project_workspace/Lang_stable_worker_5/jacoco-report/report.xml,evosuite/reports/batch_cc_ge2/artifacts/Lang/org_apache_commons_lang3_math_Fraction__greatestCommonDivisor__348/evosuite-tests,evosuite/reports/batch_cc_ge2/artifacts/Lang/org_apache_commons_lang3_math_Fraction__greatestCommonDivisor__348/jacoco-report/report.xml,evosuite/reports/batch_cc_ge2/artifacts/Lang/org_apache_commons_lang3_math_Fraction__greatestCommonDivisor__348/jacoco.exec
Lang,org.apache.commons.lang3.ArrayUtils,toPrimitive,final Object array,9414,12,error(rc=1),,,,,,,,,,,,evosuite/reports/batch_cc_ge2/logs/Lang/org_apache_commons_lang3_ArrayUtils__toPrimitive__9414.log,evosuite/cache/project_workspace/Lang_stable_worker_7/jacoco-report/report.xml,evosuite/reports/batch_cc_ge2/artifacts/Lang/org_apache_commons_lang3_ArrayUtils__toPrimitive__9414/evosuite-tests,evosuite/reports/batch_cc_ge2/artifacts/Lang/org_apache_commons_lang3_ArrayUtils__toPrimitive__9414/jacoco-report/report.xml,evosuite/reports/batch_cc_ge2/artifacts/Lang/org_apache_commons_lang3_ArrayUtils__toPrimitive__9414/jacoco.exec
Lang,org.apache.commons.lang3.tuple.Triple,equals,final Object obj,129,14,ok,100.0,100.0,100.0,8,8,35,35,10,10,25,0,evosuite/reports/batch_cc_ge2/logs/Lang/org_apache_commons_lang3_tuple_Triple__equals__129.log,evosuite/cache/project_workspace/Lang_stable_worker_0/jacoco-report/report.xml,evosuite/reports/batch_cc_ge2/artifacts/Lang/org_apache_commons_lang3_tuple_Triple__equals__129/evosuite-tests,evosuite/reports/batch_cc_ge2/artifacts/Lang/org_apache_commons_lang3_tuple_Triple__equals__129/jacoco-report/report.xml,evosuite/reports/batch_cc_ge2/artifacts/Lang/org_apache_commons_lang3_tuple_Triple__equals__129/jacoco.exec
Lang,org.apache.commons.lang3.CharSequenceUtils,lastIndexOf,"final CharSequence cs, final int searchChar, int start",245,12,error(rc=1),,,,,,,,,,,,evosuite/reports/batch_cc_ge2/logs/Lang/org_apache_commons_lang3_CharSequenceUtils__lastIndexOf__245.log,evosuite/cache/project_workspace/Lang_stable_worker_8/jacoco-report/report.xml,evosuite/reports/batch_cc_ge2/artifacts/Lang/org_apache_commons_lang3_CharSequenceUtils__lastIndexOf__245/evosuite-tests,evosuite/reports/batch_cc_ge2/artifacts/Lang/org_apache_commons_lang3_CharSequenceUtils__lastIndexOf__245/jacoco-report/report.xml,evosuite/reports/batch_cc_ge2/artifacts/Lang/org_apache_commons_lang3_CharSequenceUtils__lastIndexOf__245/jacoco.exec
Lang,org.apache.commons.lang3.reflect.TypeUtils,isAssignable,"final Type type, final Type toType, final Map<TypeVariable<?>, Type> typeVarAssigns",1121,11,error(rc=1),,,,,,,,,,,,evosuite/reports/batch_cc_ge2/logs/Lang/org_apache_commons_lang3_reflect_TypeUtils__isAssignable__1121.log,evosuite/cache/project_workspace/Lang_stable_worker_11/jacoco-report/report.xml,evosuite/reports/batch_cc_ge2/artifacts/Lang/org_apache_commons_lang3_reflect_TypeUtils__isAssignable__1121/evosuite-tests,evosuite/reports/batch_cc_ge2/artifacts/Lang/org_apache_commons_lang3_reflect_TypeUtils__isAssignable__1121/jacoco-report/report.xml,evosuite/reports/batch_cc_ge2/artifacts/Lang/org_apache_commons_lang3_reflect_TypeUtils__isAssignable__1121/jacoco.exec
Lang,org.apache.commons.lang3.CharSequenceUtils,regionMatches,"final CharSequence cs, final boolean ignoreCase, final int thisStart,
            final CharSequence substring, final int start, final int length",296,13,error(rc=1),,,,,,,,,,,,evosuite/reports/batch_cc_ge2/logs/Lang/org_apache_commons_lang3_CharSequenceUtils__regionMatches__296.log,evosuite/cache/project_workspace/Lang_stable_worker_1/jacoco-report/report.xml,evosuite/reports/batch_cc_ge2/artifacts/Lang/org_apache_commons_lang3_CharSequenceUtils__regionMatches__296/evosuite-tests,evosuite/reports/batch_cc_ge2/artifacts/Lang/org_apache_commons_lang3_CharSequenceUtils__regionMatches__296/jacoco-report/report.xml,evosuite/reports/batch_cc_ge2/artifacts/Lang/org_apache_commons_lang3_CharSequenceUtils__regionMatches__296/jacoco.exec
Lang,org.apache.commons.lang3.StringUtils,indexOfDifference,final CharSequence... css,2942,14,ok,72.5,70.6,59.5,29,40,108,153,25,42,7,6,evosuite/reports/batch_cc_ge2/logs/Lang/org_apache_commons_lang3_StringUtils__indexOfDifference__2942.log,evosuite/cache/project_workspace/Lang_stable_worker_5/jacoco-report/report.xml,evosuite/reports/batch_cc_ge2/artifacts/Lang/org_apache_commons_lang3_StringUtils__indexOfDifference__2942/evosuite-tests,evosuite/reports/batch_cc_ge2/artifacts/Lang/org_apache_commons_lang3_StringUtils__indexOfDifference__2942/jacoco-report/report.xml,evosuite/reports/batch_cc_ge2/artifacts/Lang/org_apache_commons_lang3_StringUtils__indexOfDifference__2942/jacoco.exec
Lang,org.apache.commons.lang3.reflect.TypeUtils,isAssignable,"final Type type, final TypeVariable<?> toTypeVariable, final Map<TypeVariable<?>, Type> typeVarAssigns",1148,14,error(rc=1),,,,,,,,,,,,evosuite/reports/batch_cc_ge2/logs/Lang/org_apache_commons_lang3_reflect_TypeUtils__isAssignable__1148.log,evosuite/cache/project_workspace/Lang_stable_worker_10/jacoco-report/report.xml,evosuite/reports/batch_cc_ge2/artifacts/Lang/org_apache_commons_lang3_reflect_TypeUtils__isAssignable__1148/evosuite-tests,evosuite/reports/batch_cc_ge2/artifacts/Lang/org_apache_commons_lang3_reflect_TypeUtils__isAssignable__1148/jacoco-report/report.xml,evosuite/reports/batch_cc_ge2/artifacts/Lang/org_apache_commons_lang3_reflect_TypeUtils__isAssignable__1148/jacoco.exec
Lang,org.apache.commons.lang3.math.NumberUtils,createBigInteger,final String str,181,11,ok,100.0,100.0,100.0,24,24,87,87,20,20,11,10,evosuite/reports/batch_cc_ge2/logs/Lang/org_apache_commons_lang3_math_NumberUtils__createBigInteger__181.log,evosuite/cache/project_workspace/Lang_stable_worker_7/jacoco-report/report.xml,evosuite/reports/batch_cc_ge2/artifacts/Lang/org_apache_commons_lang3_math_NumberUtils__createBigInteger__181/evosuite-tests,evosuite/reports/batch_cc_ge2/artifacts/Lang/org_apache_commons_lang3_math_NumberUtils__createBigInteger__181/jacoco-report/report.xml,evosuite/reports/batch_cc_ge2/artifacts/Lang/org_apache_commons_lang3_math_NumberUtils__createBigInteger__181/jacoco.exec
Lang,org.apache.commons.lang3.time.FastDatePrinter,appendFullDigits,"final Appendable buffer, int value, int minFieldWidth",927,15,error(rc=1),,,,,,,,,,,,evosuite/reports/batch_cc_ge2/logs/Lang/org_apache_commons_lang3_time_FastDatePrinter__appendFullDigits__927.log,evosuite/cache/project_workspace/Lang_stable_worker_3/jacoco-report/report.xml,evosuite/reports/batch_cc_ge2/artifacts/Lang/org_apache_commons_lang3_time_FastDatePrinter__appendFullDigits__927/evosuite-tests,evosuite/reports/batch_cc_ge2/artifacts/Lang/org_apache_commons_lang3_time_FastDatePrinter__appendFullDigits__927/jacoco-report/report.xml,evosuite/reports/batch_cc_ge2/artifacts/Lang/org_apache_commons_lang3_time_FastDatePrinter__appendFullDigits__927/jacoco.exec
Lang,org.apache.commons.lang3.StringUtils,matches,"final CharSequence first, final CharSequence second",5251,14,error(rc=1),,,,,,,,,,,,evosuite/reports/batch_cc_ge2/logs/Lang/org_apache_commons_lang3_StringUtils__matches__5251.log,evosuite/cache/project_workspace/Lang_stable_worker_6/jacoco-report/report.xml,evosuite/reports/batch_cc_ge2/artifacts/Lang/org_apache_commons_lang3_StringUtils__matches__5251/evosuite-tests,evosuite/reports/batch_cc_ge2/artifacts/Lang/org_apache_commons_lang3_StringUtils__matches__5251/jacoco-report/report.xml,evosuite/reports/batch_cc_ge2/artifacts/Lang/org_apache_commons_lang3_StringUtils__matches__5251/jacoco.exec
Lang,org.apache.commons.lang3.LocaleUtils,parseLocale,final String str,330,14,error(rc=1),,,,,,,,,,,,evosuite/reports/batch_cc_ge2/logs/Lang/org_apache_commons_lang3_LocaleUtils__parseLocale__330.log,evosuite/cache/project_workspace/Lang_stable_worker_4/jacoco-report/report.xml,evosuite/reports/batch_cc_ge2/artifacts/Lang/org_apache_commons_lang3_LocaleUtils__parseLocale__330/evosuite-tests,evosuite/reports/batch_cc_ge2/artifacts/Lang/org_apache_commons_lang3_LocaleUtils__parseLocale__330/jacoco-report/report.xml,evosuite/reports/batch_cc_ge2/artifacts/Lang/org_apache_commons_lang3_LocaleUtils__parseLocale__330/jacoco.exec
Lang,org.apache.commons.lang3.ClassUtils,getCanonicalName,final String name,476,13,error(rc=1),,,,,,,,,,,,evosuite/reports/batch_cc_ge2/logs/Lang/org_apache_commons_lang3_ClassUtils__getCanonicalName__476.log,evosuite/cache/project_workspace/Lang_stable_worker_2/jacoco-report/report.xml,evosuite/reports/batch_cc_ge2/artifacts/Lang/org_apache_commons_lang3_ClassUtils__getCanonicalName__476/evosuite-tests,evosuite/reports/batch_cc_ge2/artifacts/Lang/org_apache_commons_lang3_ClassUtils__getCanonicalName__476/jacoco-report/report.xml,evosuite/reports/batch_cc_ge2/artifacts/Lang/org_apache_commons_lang3_ClassUtils__getCanonicalName__476/jacoco.exec
Lang,org.apache.commons.lang3.ArrayUtils,shift,"final int[] array, int startIndexInclusive, int endIndexExclusive, int offset",7357,10,ok,9.9,10.1,9.4,24,243,92,909,17,180,7,7,evosuite/reports/batch_cc_ge2/logs/Lang/org_apache_commons_lang3_ArrayUtils__shift__7357.log,evosuite/cache/project_workspace/Lang_stable_worker_9/jacoco-report/report.xml,evosuite/reports/batch_cc_ge2/artifacts/Lang/org_apache_commons_lang3_ArrayUtils__shift__7357/evosuite-tests,evosuite/reports/batch_cc_ge2/artifacts/Lang/org_apache_commons_lang3_ArrayUtils__shift__7357/jacoco-report/report.xml,evosuite/reports/batch_cc_ge2/artifacts/Lang/org_apache_commons_lang3_ArrayUtils__shift__7357/jacoco.exec
Lang,org.apache.commons.lang3.text.ExtendedMessageFormat,applyPattern,final String pattern,179,12,error(rc=1),,,,,,,,,,,,evosuite/reports/batch_cc_ge2/logs/Lang/org_apache_commons_lang3_text_ExtendedMessageFormat__applyPattern__179.log,evosuite/cache/project_workspace/Lang_stable_worker_1/jacoco-report/report.xml,evosuite/reports/batch_cc_ge2/artifacts/Lang/org_apache_commons_lang3_text_ExtendedMessageFormat__applyPattern__179/evosuite-tests,evosuite/reports/batch_cc_ge2/artifacts/Lang/org_apache_commons_lang3_text_ExtendedMessageFormat__applyPattern__179/jacoco-report/report.xml,evosuite/reports/batch_cc_ge2/artifacts/Lang/org_apache_commons_lang3_text_ExtendedMessageFormat__applyPattern__179/jacoco.exec
Lang,org.apache.commons.lang3.reflect.TypeUtils,unrollVariables,"Map<TypeVariable<?>, Type> typeArguments, final Type type",1660,12,error(rc=1),,,,,,,,,,,,evosuite/reports/batch_cc_ge2/logs/Lang/org_apache_commons_lang3_reflect_TypeUtils__unrollVariables__1660.log,evosuite/cache/project_workspace/Lang_stable_worker_0/jacoco-report/report.xml,evosuite/reports/batch_cc_ge2/artifacts/Lang/org_apache_commons_lang3_reflect_TypeUtils__unrollVariables__1660/evosuite-tests,evosuite/reports/batch_cc_ge2/artifacts/Lang/org_apache_commons_lang3_reflect_TypeUtils__unrollVariables__1660/jacoco-report/report.xml,evosuite/reports/batch_cc_ge2/artifacts/Lang/org_apache_commons_lang3_reflect_TypeUtils__unrollVariables__1660/jacoco.exec
